"Country Name","Country Code",Time Period,"Aluminum (PALUM_USD)","Copper  (PCOPP_USD)","Iron Ore (PIORECR_USD)","Lead  (PLEAD_USD)","Metal index  (PMETA_Index)","Nickel  (PNICK_USD)","Tin  (PTIN_USD)","Uranium  (PURAN_USD)","Zinc  (PZINC_USD)",
"World","001",1980M1,"2054.86010742188","2592.63342275848","12.15","1111.12841796875","84.0490040435678","6584.80078125","16973.5879043457","40","773.821533203125",
"World","001",1980M2,"2131.00854492188","2916.71199088135","12.15","1166.24389648438","88.34523245295","6978.927734375","17090.2131635254","38","868.620361328125",
"World","001",1980M3,"1978.37890625","2303.8279","12.15","1117.74243164063","79.7263120909169","6733.787109375","17460.5904","35","740.75244140625",
"World","001",1980M4,"1932.45556640625","2074.54755455933","12.15","970.03271484375","75.7896575197835","6233.369140625","17041.7126","32","707.68310546875",
"World","001",1980M5,"1775.8037109375","2076.75230911865","12.15","793.6630859375","72.2667483584157","6000.76953125","17180.6047364746","32","701.069091796875",
"World","001",1980M6,"1668.96044921875","2006.2042","12.15","736.343017578125","69.6077343196229","6294.833984375","17211.4672635254","31.5","676.818359375",
"World","001",1980M7,"1758.07495117188","2175.96020911865","12.15","809.095458984375","73.0554399445877","6622.166015625","17090.2131635254","31.5","712.09228515625",
"World","001",1980M8,"1783.62719726563","2081.16114544067","12.15","850.9833984375","72.8857593626663","6584.505859375","17008.6433","30","767.207763671875",
"World","001",1980M9,"1655.06567382813","2059.11494544067","12.15","881.847900390625","70.3062123746067","6655.357421875","17295.2439","28.5","795.867919921875",
"World","001",1980M10,"1626.15209960938","2045.88709088135","12.15","870.824951171875","69.4842872070072","6691.947265625","16682.3584635254","28","804.686279296875",
"World","001",1980M11,"1503.91015625","2010.61370911865","12.15","813.5048828125","66.3534646563319","6452.666015625","15599.8932729492","28","800.277099609375",
"World","001",1980M12,"1430.65673828125","1878.33650911865","12.15","742.95703125","63.3659416639662","6390.912109375","14698.2004635254","27","782.64013671875",
"World","001",1981M1,"1430.82958984375","1876.13175455933","12.15","703.273681640625","62.8447866203785","6403.7734375","14360.8925270508","25","776.026123046875",
"World","001",1981M2,"1452.38110351563","1803.37889088135","12.15","690.046142578125","62.3497532587845","6370.748046875","13679.6671","25","731.933837890625",
"World","001",1981M3,"1442.95190429688","1816.60674544067","12.15","727.524658203125","62.3821516882946","6292.43359375","13624.5516","25","756.1845703125",
"World","001",1981M4,"1369.23461914063","1823.22100911865","12.15","758.38916015625","61.3250281658416","6307.060546875","13344.5659364746","25","824.52783203125",
"World","001",1981M5,"1296.99584960938","1746.05930911865","12.15","694.455322265625","59.2499062965604","6352.15625","12683.1799364746","25","850.9833984375",
"World","001",1981M6,"1232.40673828125","1699.76215455933","12.15","712.09228515625","57.3935312450936","6169.462890625","12583.9720364746","24.25","839.960205078125",
"World","001",1981M7,"1175.31127929688","1682.12479088135","12.15","782.64013671875","56.458857515431","6150.337890625","13419.5208635254","23.5","864.2109375",
"World","001",1981M8,"1230.82885742188","1787.94695455933","12.15","822.3232421875","58.874894190462","5999.1171875","14477.7384635254","23.5","954.600341796875",
"World","001",1981M9,"1168.9111328125","1706.37574544067","12.15","760.593994140625","56.700063900645","5579.064453125","14969.3698","23.5","936.96337890625",
"World","001",1981M10,"1140.181640625","1664.4881","12.15","716.50146484375","55.3309399096662","5216.7109375","15101.647","23.5","890.66650390625",
"World","001",1981M11,"1081.84643554688","1651.26024544067","12.15","665.795166015625","54.0129823357043","5100.24609375","15826.9648270508","23.5","875.234130859375",
"World","001",1981M12,"1130.88427734375","1655.66975455933","12.15","676.818359375","55.1970254133562","5496.025390625","15954.8338635254","23.5","848.77880859375",
"World","001",1982M1,"1113.25854492188","1613.78210911865","14.05","648.158203125","55.2591751559872","5628.904296875","16124.5885270508","23","820.11865234375",
"World","001",1982M2,"1087.70629882813","1596.14474544067","14.05","615.0888671875","54.6101575179788","5716.759765625","15930.5862729492","23","824.52783203125",
"World","001",1982M3,"1029.23657226563","1512.36945455933","14.05","610.6796875","51.9562396165992","5653.357421875","12813.2503635254","22.5","791.45849609375",
"World","001",1982M4,"996.20751953125","1521.1878","14.05","575.40576171875","50.5856984481846","5394.0546875","12628.0644364746","20.75","740.75244140625",
"World","001",1982M5,"973.294189453125","1530.00614544067","14.05","575.40576171875","50.1022623380861","5211.837890625","12736.0886635254","20.5","749.57080078125",
"World","001",1982M6,"918.849365234375","1309.54431363983","14.05","522.494873046875","46.5344703066267","5186.697265625","11098.0569454407","19.25","692.250732421875",
"World","001",1982M7,"957.847900390625","1439.61659088135","14.05","553.359619140625","48.2197004587016","5068.580078125","11316.3155364746","18.25","723.115478515625",
"World","001",1982M8,"958.864013671875","1450.63969088135","14.05","522.494873046875","48.1075570319885","4953.02734375","12187.1404364746","17","714.296875",
"World","001",1982M9,"959.531982421875","1424.18465455933","14.05","515.881103515625","47.7204634251085","4310.296875","12678.7717729492","17","749.57080078125",
"World","001",1982M10,"951.484130859375","1463.86754544067","14.05","498.244110107422","47.5834457918367","3916.5078125","12420.8269270508","17.5","751.775390625",
"World","001",1982M11,"965.14697265625","1444.0261","14.05","462.97021484375","47.3991025311115","3433.65747070313","11982.1097","19.75","709.8876953125",
"World","001",1982M12,"987.387451171875","1474.89064544067","14.05","449.742492675781","48.0478564645903","3576.26953125","12041.6333635254","20.25","670.20458984375",
"World","001",1983M1,"1076.53076171875","1574.09854544067","12.54","476.197906494141","50.3549958857265","3796.9599609375","12079.1108270508","21.5","698.864501953125",
"World","001",1983M2,"1230.45581054688","1649.05549088135","12.54","456.356353759766","54.2731753471865","4228.197265625","13040.3273","21.75","681.2275390625",
"World","001",1983M3,"1301.72924804688","1598.3495","12.54","445.333251953125","55.8272239393016","4831.7734375","13459.2051","22.25","679.02294921875",
"World","001",1983M4,"1363.56713867188","1675.5112","12.54","456.356353759766","57.8973007561971","4817.78515625","13787.6913270508","23.25","696.659912109375",
"World","001",1983M5,"1453.43408203125","1765.90075455933","12.54","432.105529785156","60.5284130889203","5031.533203125","13523.1369270508","23.5","736.343017578125",
"World","001",1983M6,"1465.57836914063","1701.96690911865","12.54","407.854705810547","60.0317340701071","4883.158203125","13351.1808729492","23.5","718.7060546875",
"World","001",1983M7,"1520.2099609375","1704.17099088135","12.54","403.445465087891","61.1746115716447","4804.037109375","13190.2425364746","24","740.75244140625",
"World","001",1983M8,"1603.66748046875","1640.23714544067","12.54","396.831604003906","62.5411025780342","4852.7578125","12811.0489729492","24","809.095458984375",
"World","001",1983M9,"1613.72875976563","1560.87069088135","12.54","403.445465087891","62.3209035757259","4910.5234375","12751.5199270508","24","837.755615234375",
"World","001",1983M10,"1566.25805664063","1435.20775455933","12.54","418.877807617188","60.3668296850052","4674.150390625","12747.1117635254","23.5","857.59716796875",
"World","001",1983M11,"1516.72778320313","1388.9106","12.54","405.650085449219","58.837816873746","4585.166015625","12769.1579635254","22.5","859.8017578125",
"World","001",1983M12,"1549.33911132813","1415.36630911865","12.54","401.240844726563","59.5136672634343","4657","12341.4638364746","22","857.59716796875",
"World","001",1984M1,"1548.90625","1375.68291363983","11.31","396.831604003906","58.7936514922707","4670.48046875","12112.1801270508","20.5","956.80517578125",
"World","001",1984M2,"1491.16162109375","1428.59349088135","11.31","403.445465087891","57.777245732091","4639.912109375","12292.9632729492","17.5","998.69287109375",
"World","001",1984M3,"1455.76293945313","1501.34635455933","11.31","458.560974121094","57.9592494280561","4780.826171875","12403.1942729492","17","1040.58056640625",
"World","001",1984M4,"1370.35034179688","1532.2109","11.31","480.607147216797","56.6578353675137","4911.40625","12440.6717364746","17.75","1003.10205078125",
"World","001",1984M5,"1289.13500976563","1419.77514544067","11.31","451.947113037109","54.1729975833313","4811.423828125","12577.3571","17.75","1000.8974609375",
"World","001",1984M6,"1275.02905273438","1364.65981363983","11.31","482.811767578125","53.26389507043","4773.232421875","12658.9269635254","17.5","941.372802734375",
"World","001",1984M7,"1162.80615234375","1331.59051363983","11.31","493.834869384766","50.3845154305534","4640.1796875","12442.8731270508","17.5","853.18798828125",
"World","001",1984M8,"1136.00903320313","1338.20435681992","11.31","467.379425048828","49.8150177139051","4736.07421875","12299.5728270508","17.5","833.346435546875",
"World","001",1984M9,"1012.169921875","1294.11195681992","11.31","401.240844726563","47.0834697736602","4705.63671875","12087.9325364746","17.5","873.029541015625",
"World","001",1984M10,"1027.64794921875","1272.06575681992","11.31","412.263946533203","46.8294038369385","4750.294921875","11739.6015","16","844.369384765625",
"World","001",1984M11,"1154.66040039063","1344.8182","11.31","440.042144775391","49.8745867651861","4748.400390625","11988.7246364746","15.5","857.59716796875",
"World","001",1984M12,"1095.69604492188","1320.56741363983","11.31","414.468566894531","48.5020114100248","4858.982421875","11719.7620729492","15.25","859.8017578125",
"World","001",1985M1,"1075.8544921875","1358.04588636017","11.49","418.877807617188","48.3963672456785","4947.16796875","11073.4002945129","15","866.415771484375",
"World","001",1985M2,"1097.90087890625","1388.9106","11.49","368.171539306641","49.0647773133828","5050.78515625","10946.00019729","15","886.25732421875",
"World","001",1985M3,"1095.25512695313","1389.35153409195","11.49","351.636901855469","49.2982832362356","5211.72265625","11210.6010202576","15","921.53125",
"World","001",1985M4,"1108.923828125","1501.34635455933","11.49","390.217742919922","50.6841081334784","5489.50390625","11806.4007862915","14.25","930.349609375",
"World","001",1985M5,"1104.5146484375","1530.00614544067","11.49","374.785400390625","50.7860743207755","5604.14453125","11909.8002093018","15","879.643310546875",
"World","001",1985M6,"1031.76220703125","1433.003","11.49","388.013122558594","48.4792122992933","5553.4375","12385.799788855","15","809.095458984375",
"World","001",1985M7,"1011.92065429688","1474.89064544067","11.49","403.445465087891","47.4868844333104","5090.466796875","12755.8002592163","11.85","767.207763671875",
"World","001",1985M8,"1018.53442382813","1419.77514544067","11.49","412.263946533203","47.5950729608497","4907.484375","12647.2001182495","15.75","734.138427734375",
"World","001",1985M9,"985.465087890625","1366.8644","11.49","401.240844726563","45.3876786412611","4570.177734375","12325.2009963135","11.7","690.046142578125",
"World","001",1985M10,"970.03271484375","1384.50134318008","11.49","392.42236328125","45.4620062929568","4239.484375","12391.1000807129","16","632.725830078125",
"World","001",1985M11,"950.191162109375","1369.06898636017","11.49","394.626983642578","44.1658924977541","4034.45458984375","9903.15330911865","16","597.451904296875",
"World","001",1985M12,"1038.3759765625","1391.11518636017","11.49","392.42236328125","45.540804173947","4089.57006835938","9114.00053773193","11.7","685.63671875",
"World","001",1986M1,"1119.94702148438","1417.57039088135","11.36","368.171539306641","47.6083100984259","4034.45458984375","7910.00069096069","17","643.7490234375",
"World","001",1986M2,"1115.53784179688","1404.34295681992","11.36","365.966918945313","47.2577931211646","3988.15747070313","7922.90022076416","17.0833333333333","608.47509765625",
"World","001",1986M3,"1168.44848632813","1444.0261","11.36","365.966918945313","48.6249885481598","4135.8671875","7313.6001175354","17.1666666666667","626.112060546875",
"World","001",1986M4,"1164.03930664063","1433.003","11.36","368.171539306641","48.2464205559558","4085.16088867188","5686.10035791016","17.25","659.181396484375",
"World","001",1986M5,"1164.03930664063","1417.57039088135","11.36","376.990020751953","48.2720492656695","4043.27319335938","5474.20003143616","17.1666666666667","707.68310546875",
"World","001",1986M6,"1183.880859375","1413.16155455933","11.36","418.877807617188","49.1181147969089","4087.36547851563","5378.30060886841","17.0833333333333","804.686279296875",
"World","001",1986M7,"1122.15161132813","1344.8182","11.36","379.194641113281","47.2287801991246","3910.99584960938","5386.59989170837","17","806.890869140625",
"World","001",1986M8,"1128.76538085938","1302.93038636017","11.36","392.42236328125","47.0487633277041","3807.37866210938","5404.30016187134","17","815.70947265625",
"World","001",1986M9,"1205.92724609375","1309.54431363983","11.36","407.854705810547","48.7832346913249","3723.60327148438","5397.20013902588","17","870.824951171875",
"World","001",1986M10,"1161.83471679688","1316.15815681992","11.36","434.310150146484","48.0831593754822","3644.23681640625","5542.80073070679","17","886.25732421875",
"World","001",1986M11,"1130.96997070313","1302.93038636017","11.36","473.993286132813","47.2698633806019","3642.0322265625","6092.29997819824","16.75","820.11865234375",
"World","001",1986M12,"1130.96997070313","1331.59051363983","11.36","515.881103515625","47.4716297493223","3562.666015625","6428.10017742309","16.65","798.072509765625",
"World","001",1987M1,"1170.6533203125","1344.8182","10.94","462.97021484375","47.8939110381669","3525.1875","6712.70055303955","16.65","758.38916015625",
"World","001",1987M2,"1283.0888671875","1380.09208636017","10.94","460.765594482422","50.3829981022647","3716.9892578125","6688.40048432617","16.825","740.75244140625",
"World","001",1987M3,"1369.06909179688","1463.86754544067","10.94","487.221008300781","52.7142510119066","3772.10473632813","6631.50072766113","17","731.933837890625",
"World","001",1987M4,"1399.93359375","1483.70899088135","10.94","555.564208984375","53.8185252384474","3897.76806640625","6699.80035043945","17","760.593994140625",
"World","001",1987M5,"1410.95678710938","1518.98304544067","10.94","692.250732421875","55.287479758648","4435.6953125","6747.40003927612","17","837.755615234375",
"World","001",1987M6,"1472.68627929688","1571.89379088135","10.94","628.316650390625","56.8422265947404","4435.6953125","6610.39980692749","16.9","877.438720703125",
"World","001",1987M7,"1653.46508789063","1693.14789088135","10.94","663.590576171875","61.2097846377106","4753.16015625","6404.90013120117","16.75","828.93701171875",
"World","001",1987M8,"1809.99291992188","1754.87765455933","10.94","659.181396484375","64.9936836388951","5306.51953125","6556.10040924072","17","802.481689453125",
"World","001",1987M9,"1746.05908203125","1809.99315455933","10.94","645.95361328125","63.9347066703767","5332.9765625","6706.30023869019","16.65","756.1845703125",
"World","001",1987M10,"1962.11181640625","1966.52130911865","10.94","599.65673828125","69.4317321346478","5692.328125","6763.80012994995","16.65","769.412353515625",
"World","001",1987M11,"1679.92041015625","2519.88039088135","10.94","641.54443359375","68.6790690932525","5937.041015625","6927.30047599487","16.75","846.573974609375",
"World","001",1987M12,"1823.220703125","2866.006","10.94","659.181396484375","75.2198050137077","7661.0546875","6829.40049264526","16.65","866.415771484375",
"World","001",1988M1,"2001.794921875","2660.97660911865","10.51","665.795166015625","77.2714213747885","8073.318359375","6808.10042410889","16.45","877.438720703125",
"World","001",1988M2,"2138.4814453125","2328.07902275848","10.51","654.772216796875","77.8020163002564","8666.361328125","6690.10064141235","16.3","875.234130859375",
"World","001",1988M3,"2526.49462890625","2358.9434","10.51","648.158203125","90.5831320826795","15496.2734375","6772.90037717895","15.9","981.055908203125",
"World","001",1988M4,"2508.85766601563","2283.98662275848","10.51","648.158203125","91.8142075850052","18011.74609375","6752.60075723267","15.9","1069.24072265625",
"World","001",1988M5,"2987.26000976563","2442.71869088135","10.51","667.999755859375","101.86611157024","17024.076171875","6777.60053444214","15.4","1175.0625",
"World","001",1988M6,"3578.09814453125","2539.72250911865","10.51","676.818359375","113.728793098488","15588.8671875","7035.80037026367","15.1","1364.65966796875",
"World","001",1988M7,"2581.61010742188","2213.43817724152","10.51","619.498291015625","90.9250722654284","14592.37890625","7148.80060119629","15.1","1236.79174804688",
"World","001",1988M8,"2700.65942382813","2200.21049088135","10.51","601.861328125","93.0693473077664","14186.73046875","7322.7003647644","14.75","1307.33959960938",
"World","001",1988M9,"2387.603515625","2433.90017724152","10.51","608.47509765625","87.1911815059986","11878.4921875","7408.50010070801","14.15","1329.3857421875",
"World","001",1988M10,"2308.23706054688","2936.55410911865","10.51","654.772216796875","89.8101403590263","11556.6171875","7252.7005848999","13.2","1518.98315429688",
"World","001",1988M11,"2380.98950195313","3302.52049088135","10.51","690.046142578125","95.1967249528679","13342.359375","7312.40052114258","12.3","1556.46166992188",
"World","001",1988M12,"2458.1513671875","3496.52745455933","10.51","729.729248046875","100.754260726341","16920.458984375","7337.40029835205","12","1591.73559570313",
"World","001",1989M1,"2398.62646484375","3392.91004544067","12.03","674.61376953125","100.522662419456","17725.14453125","7409.60079599609","11.6","1732.83129882813",
"World","001",1989M2,"2175.59692382813","3095.28634544067","12.03","620.960693359375","95.4549627640591","18582.474609375","7873.70062153931","11.35","1929.49731445313",
"World","001",1989M3,"2074.54736328125","3262.8376","12.03","588.633544921875","93.9658539180204","17156.353515625","8760.50040474243","11.2","1959.9072265625",
"World","001",1989M4,"2125.80004882813","3117.33254544067","12.03","607.5","91.4518291246892","15261.5","10195.9005791382","10.2","1654.39990234375",
"World","001",1989M5,"2259","2738.13830911865","12.03","643","89.8878108648484","13454","10143.7003069397","9.85","1627",
"World","001",1989M6,"1914","2544.13117724152","12.03","665","80.5698553052007","12143","9935.50069833374","9.8","1537",
"World","001",1989M7,"1756","2503.78709547119","12.03","691","77.653331167409","12275","9605.20061156616","9.8","1614",
"World","001",1989M8,"1798","2760.18450911865","12.03","701","81.0396073930035","12910","8715.6006487854","9.6","1726",
"World","001",1989M9,"1718","2883.64269088135","12.03","727","78.7711941920148","11222","8269.69997210693","9.6","1626",
"World","001",1989M10,"1820","2859.39240911865","12.03","751","79.7608508936316","10425","7922.40033286743","9.4","1583",
"World","001",1989M11,"1736","2590.4285","12.03","692","74.7629120403507","9793","6837.30047068481","9.3","1435",
"World","001",1989M12,"1633","2418.46840911865","12.03","710","70.8898937966476","8809","6744.09997180176","9","1450",
"World","001",1990M1,"1528","2365.55699088135","14.05","707","67.4741755746967","7056","6592.00016466675","9","1294",
"World","001",1990M2,"1454","2358.9434","14.05","779","66.4068256657509","6977","6156.09993710937","8.8","1394",
"World","001",1990M3,"1567","2625.70272275848","14.05","1059","73.8726729330384","9267","6270.50025783081","8.8","1666",
"World","001",1990M4,"1526","2685.22689088135","14.05","835","72.8995135939812","8939","6390.90057890625","8.65","1686",
"World","001",1990M5,"1527","2740.34239088135","14.05","825","73.6119520655863","8698","6324.60050771484","9.35","1775",
"World","001",1990M6,"1566","2583.81490911865","14.05","837","73.0307786078087","8422","6096.00035966797","11","1715",
"World","001",1990M7,"1571","2769.00302275848","14.05","875","74.9073835864882","9318","5924.40021498413","11.6","1637",
"World","001",1990M8,"1782","2956.39555455933","14.05","875","81.3266719874504","10957","5905.2006175293","11.45","1615",
"World","001",1990M9,"2067","3040.17084544067","14.05","838","86.709886058394","10844","5707.00011245117","10.5","1537",
"World","001",1990M10,"1946","2742.54697724152","14.05","760","79.842528057733","9145","6061.40044733276","8.5","1353",
"World","001",1990M11,"1618","2583.81490911865","14.05","700","71.7199429847115","8587","5981.3006444458","9.5","1278",
"World","001",1990M12,"1522","2484.60700911865","14.05","624","68.6021819750595","8158","5615.20037615356","9.7","1265",
"World","001",1991M1,"1515","2447.1282","15.03","600","68.5126590378746","8569","5610.7579","9.1","1206",
"World","001",1991M2,"1505","2447.1282","15.03","593","68.3620283665974","8672","5582.09810911865","9.5","1188",
"World","001",1991M3,"1496","2409.64939088135","15.03","602","67.9720774461766","8700","5515.95950911865","9.4","1199",
"World","001",1991M4,"1392","2471.37932275848","15.03","600","66.8217804899572","9023","5557.84715455933","9","1254",
"World","001",1991M5,"1299.94995117188","2340.4246727356","15.03","559.820068359375","63.1843971194637","8499.609375","5698.72202270508","9.2","1127.73999023438",
"World","001",1991M6,"1283.55004882813","2218.06802725677","15.03","549.43994140625","61.5311268030622","8296.5","5709.30444091186","9","1067.44995117188",
"World","001",1991M7,"1297.54663085938","2231.25534581909","15.03","549.590087890625","61.9472473534963","8515.201171875","5673.59979650879","8.55","1063.41333007813",
"World","001",1991M8,"1259.693359375","2236.18677692413","15.03","541","60.8672194620405","8154.75","5647.72000130615","8.25","1047.73999023438",
"World","001",1991M9,"1212.09521484375","2318.58300291138","15.03","538.94970703125","59.9406720983444","7675.953125","5575.09564178467","7.25","1025.60009765625",
"World","001",1991M10,"1152.95458984375","2360.64557547607","15.03","522.19873046875","58.7736183340489","7453.86328125","5550.09115499878","7.25","991.64990234375",
"World","001",1991M11,"1134.92504882813","2375.66037788696","15.03","506.241180419922","58.8649005668352","7258.5","5514.45042627563","7.5","1100.65014648438",
"World","001",1991M12,"1099.5263671875","2205.91849749756","15.03","531.3681640625","57.266952186169","7140.263671875","5515.89492064209","7.4","1185.0791015625",
"World","001",1992M1,"1181.22729492188","2150.57962901611","14.31","515.671875","58.4517120537285","7531.13671875","5483.09137531128","8.75","1157.6591796875",
"World","001",1992M2,"1270.75","2208.89225860596","14.31","505.746032714844","60.6078607937412","7888","5612.10012927856","7.9","1135.47509765625",
"World","001",1992M3,"1282.02270507813","2231.78550956421","14.31","523.1494140625","61.0396589773427","7430.455078125","5637.04540996094","7.75","1217.77270507813",
"World","001",1992M4,"1317.125","2214.16681599274","14.31","533.256103515625","62.0088818730514","7417.951171875","5836.2497276123","7.75","1304.94995117188",
"World","001",1992M5,"1306.71069335938","2219.31505581207","14.31","520.75","62.0948258514948","7333.947265625","6113.15801934814","7.55","1377.73681640625",
"World","001",1992M6,"1275.27270507813","2296.44193858643","14.31","551.019287109375","62.1994651497547","7202.36328125","6631.99994276123","7.75","1385.4091796875",
"World","001",1992M7,"1314.34790039063","2527.28502240143","14.31","633.2509765625","64.8143231900986","7516.173828125","6980.49985119018","7.75","1320.4091796875",
"World","001",1992M8,"1305.55004882813","2513.46998458252","14.31","655.278076171875","64.6203619081302","7279.75","6784.21076134033","8.05","1363.40014648438",
"World","001",1992M9,"1270.21435546875","2419.61418178101","14.31","624.83984375","63.0498104227068","6918.572265625","6643.33320200806","8.75","1367.119140625",
"World","001",1992M10,"1180.84106445313","2262.45696237183","14.31","540.45263671875","58.8387922851814","6322.5","6025.90907946167","10.25","1158.36376953125",
"World","001",1992M11,"1162.21435546875","2161.78909368286","14.31","462.054107666016","56.609447947545","5593.71484375","5735.71439985962","10.5","1052.23803710938",
"World","001",1992M12,"1209.02380371094","2211.95028749237","14.31","456.697265625","57.9306117223866","5751.1904296875","5765.80926595459","10","1061.47619628906",
"World","001",1993M1,"1208.09997558594","2264.21397077332","12.58","436.901947021484","57.6419617364056","5948.10009765625","5913.09992277222","9.8","1067.57495117188",
"World","001",1993M2,"1203.15002441406","2212.18139313507","12.58","415.000946044922","57.2445329684282","6050.75","5792.75006144409","10.1","1073.625",
"World","001",1993M3,"1150.47827148438","2152.38020099945","12.58","405.427062988281","55.3916926480841","5974.9130859375","5666.30466264038","10.2","996.760864257813",
"World","001",1993M4,"1110.27502441406","1953.62060192108","12.58","422.113708496094","53.2713886681011","5987.5","5596.49999379883","10.35","1006",
"World","001",1993M5,"1125.42102050781","1799.35169844818","12.58","407.657562255859","52.0907437206014","5777.78955078125","5505.47363722839","10.1","979.26318359375",
"World","001",1993M6,"1168.09094238281","1857.87070840454","12.58","397.061309814453","52.8851909607569","5544.318359375","5115.45443951416","10.3","928.227294921875",
"World","001",1993M7,"1203.18176269531","1927.33981992645","12.58","389.636352539063","53.6172954496014","5051.181640625","4978.54537110901","9.9","930.068176269531",
"World","001",1993M8,"1172.76196289063","1951.07137548676","12.58","389.880950927734","52.800166608016","4740.47607421875","4819.00006005859","10.05","886.833312988281",
"World","001",1993M9,"1116.90905761719","1858.24999750519","12.58","376.340911865234","50.6878177805333","4376.04541015625","4510.68192121277","10.2","875.727294921875",
"World","001",1993M10,"1089.42858886719","1646.99992897491","12.58","386.071441650391","48.9232092206821","4464.85693359375","4687.23822227783","10.175","918.571411132813",
"World","001",1993M11,"1040.02270507813","1632.56810484467","12.58","401.636352539063","48.0183168793908","4642.27294921875","4643.81828251038","9.9","929.386352539063",
"World","001",1993M12,"1091.34997558594","1723.6250736618","12.58","460.375","50.349740800131","5139.7998046875","4781.69987844543","9.85","975.534973144531",
"World","001",1994M1,"1170","1807.07136699066","11.45","491.404754638672","52.401975566019","5584.0478515625","4950.71412927856","9.45","998.59521484375",
"World","001",1994M2,"1270.52502441406","1865.07501472778","11.45","484.450012207031","54.8855960582299","5830.10009765625","5442.45008562927","9.45","969.75",
"World","001",1994M3,"1287.69567871094","1913.17391866455","11.45","451.086944580078","55.1577221521659","5590.4345703125","5405.52162415466","9.3","937.608703613281",
"World","001",1994M4,"1277.28942871094","1881.36846713562","11.45","440.421051025391","54.5033369872364","5400.26318359375","5383.05257147217","9.25","924.342102050781",
"World","001",1994M5,"1321.04760742188","2144.50007046051","11.45","475.857147216797","57.9624102037809","6082.85693359375","5493.47632770691","9.25","956.714294433594",
"World","001",1994M6,"1402.36364746094","2363.09102303009","11.45","524.477294921875","61.3943122978332","6287.04541015625","5497.63622927551","9.25","966",
"World","001",1994M7,"1491.95239257813","2447.23803404999","11.45","579.047607421875","63.7197451706145","6230.5712890625","5300.95254420166","9.1","962.642883300781",
"World","001",1994M8,"1457.06823730469","2409.74997397766","11.45","570.568176269531","62.3995082968793","5856.13623046875","5173.31831375122","9.05","946.909118652344",
"World","001",1994M9,"1571.09094238281","2504.84103139343","11.45","612.954528808594","66.0179503595654","6370.681640625","5318.72715839233","9.45","993.545471191406",
"World","001",1994M10,"1694.26196289063","2546.02375416412","11.45","640.642883300781","69.3121264577143","6735.85693359375","5479.28570116882","9.5","1059.54760742188",
"World","001",1994M11,"1885.88635253906","2803.54541098175","11.45","679.321044921875","75.9891864992355","7474.54541015625","6139.09096548462","9.6","1150.27270507813",
"World","001",1994M12,"1878.375","2980.69999645081","11.45","634.375","77.7075293556642","8540.650390625","5935.50001380005","10.4","1112.75",
"World","001",1995M1,"2059.35717773438","3003.26189506836","12.27","664.809509277344","82.7946755576351","9596.1904296875","6187.61911367188","10.775","1154.8095703125",
"World","001",1995M2,"1905.44995117188","2870.45015814514","12.27","577.799987792969","77.2656735731521","8431.25","5431.00009616699","11.15","1030.67504882813",
"World","001",1995M3,"1799.97827148438","2919.67397804871","12.27","582.04345703125","75.0689561416294","7522.39111328125","5516.30431739197","11.8","1021.69567871094",
"World","001",1995M4,"1849.44445800781","2894.88882296448","12.27","605.777770996094","76.0438523771636","7405","5854.44416690063","11.85","1059.13891601563",
"World","001",1995M5,"1765.47619628906","2771.57125569763","12.27","595.880981445313","73.345902397957","7262.380859375","5924.52400956421","11.9","1036.61901855469",
"World","001",1995M6,"1775.79541015625","2987.68194348755","12.27","610.272705078125","75.564338697067","7877.27294921875","6646.81828855591","11.7","1007.77270507813",
"World","001",1995M7,"1867.27502441406","3076.4500581665","12.27","622.400024414063","78.5867616088899","8618","6640.75033574219","11.7","1028.05505371094",
"World","001",1995M8,"1890.04541015625","3040.13619641418","12.27","623.386352539063","78.9932214085458","8931.818359375","6966.13631591797","11.7","1015.47729492188",
"World","001",1995M9,"1761.72497558594","2910.42504276428","12.27","591.25","74.9295896432597","8397.25","6333.7498690979","11.85","988.025024414063",
"World","001",1995M10,"1671.95458984375","2810.06817431793","12.27","639.386352539063","72.2967195095255","8068.86376953125","6209.54555587158","11.85","980.431823730469",
"World","001",1995M11,"1655.92858886719","2981.61903664856","12.27","710.5","73.944318285506","8498.095703125","6381.6664451477","11.85","1033.1904296875",
"World","001",1995M12,"1657.81579589844","2918.21064537659","12.27","728.026306152344","73.1733948419093","8074.21044921875","6275.78978494263","11.85","1017.15789794922",
"World","001",1996M1,"1584.47619628906","2604.99992943115","12.97","709.880981445313","69.6889286642845","7870.71435546875","6257.14255352173","12.2","1019.69049072266",
"World","001",1996M2,"1594.57141113281","2544.66672335968","12.97","768.428588867188","70.444687207558","8198.5","6189.28563092651","15.75","1035.83337402344",
"World","001",1996M3,"1614.85717773438","2563.34994940033","12.97","816.700012207031","71.0863576386183","8046.39990234375","6205.24974938354","15.75","1063.25",
"World","001",1996M4,"1587.40002441406","2594.17496803894","12.97","812.025024414063","70.7866069485131","8047","6467.2502133728","15.9875","1043.94995117188",
"World","001",1996M5,"1593.85717773438","2658.76193080902","12.97","840.976196289063","71.4595795019883","8042.85693359375","6401.90484060059","16.3833333333333","1036.54760742188",
"World","001",1996M6,"1485.75","2177.59998270721","12.97","796.575012207031","65.4281104946757","7713.15771484375","6183.7498602478","16.5","1009.40002441406",
"World","001",1996M7,"1460.02172851563","1983.93479971771","12.97","783.782592773438","63.1222058117892","7202.60888671875","6245.52201011352","16.5","1000.52172851563",
"World","001",1996M8,"1466.78576660156","2017.85720584564","12.97","816.166687011719","63.4495098553516","7037.619140625","6109.52357194824","16.46","1007.95239257813",
"World","001",1996M9,"1405.76196289063","1935.07143060913","12.97","794.261901855469","61.7409977987053","7329.8095703125","6093.71419671631","16.15","998.976196289063",
"World","001",1996M10,"1336.02172851563","1960.19567519531","12.97","741.065246582031","60.1785759589308","7028.69580078125","5933.09072906494","15.74","1002.71740722656",
"World","001",1996M11,"1451.04760742188","2215.42864607391","12.97","720.285705566406","64.2231633643902","6960.71435546875","5993.85704796753","15.07","1044.31433105469",
"World","001",1996M12,"1500.97619628906","2264.59527826385","12.97","689.357116699219","65.0821881352094","6571.0478515625","5826.23784094849","14.7625","1036.54760742188",
"World","001",1997M1,"1575.13635253906","2427.27279402924","13.04","691.522705078125","68.2401439811424","7069.13623046875","5871.13625131226","14.4875","1086.13635253906",
"World","001",1997M2,"1582.05297851563","2406.63156159363","13.04","657.894714355469","68.8917203540011","7736.5791015625","5874.3158881897","13.81","1178.15795898438",
"World","001",1997M3,"1631.18420410156","2420.1842087265","13.04","693.552612304688","70.4137075464977","7893.21044921875","5901.31588978271","13.62","1254.34216308594",
"World","001",1997M4,"1561.11364746094","2389.31814949341","13.04","641.613647460938","68.099595287775","7313.13623046875","5707.59082789307","12.825","1240.02270507813",
"World","001",1997M5,"1625.44995117188","2513.29993523407","13.04","617.849975585938","70.4258465998338","7476","5704.84985441895","11.8277777777778","1310.125",
"World","001",1997M6,"1567.1904296875","2611.28570015411","13.04","614.047607421875","69.7369731980808","7060","5560.28570594788","10.9444444444444","1354.97619628906",
"World","001",1997M7,"1591.5869140625","2449.19570404663","13.04","633.5","69.4963792563556","6832.7392578125","5435.78267101746","10.485","1517.02172851563",
"World","001",1997M8,"1710.02502441406","2250.10004305115","13.04","607.375","70.767001298277","6764.4501953125","5423.29993872681","10.3944444444444","1650.625",
"World","001",1997M9,"1611.61901855469","2104.30955452118","13.04","632.880981445313","67.6295293414232","6498.28564453125","5493.47632770691","10.25","1638.28576660156",
"World","001",1997M10,"1607.32604980469","2050.6955684021","13.04","598.195678710938","65.6476463791982","6373.47802734375","5556.52174519653","11.28","1276.67395019531",
"World","001",1997M11,"1598.32495117188","1918.49994499359","13.04","562.599975585938","64.0929570622803","6137.25","5650.99988488159","12.75","1171.15002441406",
"World","001",1997M12,"1530.52380371094","1761.45239143524","13.04","525.738098144531","61.0703286231864","5942.380859375","5506.19050203857","12.5","1101.26196289063",
"World","001",1998M1,"1485.47497558594","1687.60000986328","13.41","530.650024414063","59.3686520631409","5489","5200.49997043457","12.0375","1096.25",
"World","001",1998M2,"1465.17504882813","1663.99998604431","13.41","515.625","58.3630776699643","5367.25","5236.49997255859","11.375","1043.19995117188",
"World","001",1998M3,"1438.31823730469","1747.15916341095","13.41","558.977294921875","58.5093161505154","5397.04541015625","5468.63633969726","10.6625","1046.75",
"World","001",1998M4,"1417.55004882813","1800.12507817535","13.41","571.775024414063","58.7929860972639","5391","5707.00011245117","10.75","1096.17504882813",
"World","001",1998M5,"1364.31579589844","1731.65792903595","13.41","542.73681640625","56.835480201929","5016.84228515625","5868.15778062744","10.75","1060.36840820313",
"World","001",1998M6,"1305.52380371094","1656.59518632507","13.41","526.476196289063","54.537189694026","4456.90478515625","5967.85682216797","10.75","1007.59521484375",
"World","001",1998M7,"1312.66662597656","1655.66672697449","13.41","543.642883300781","54.6812351000363","4332.619140625","5651.19028632812","10.6111111111111","1043.5",
"World","001",1998M8,"1310.55004882813","1619.92507875671","13.41","526.849975585938","54.0969678027438","4078","5690.26295066528","10.5","1029.05004882813",
"World","001",1998M9,"1341.88635253906","1646.77269191284","13.41","519.454528808594","54.6795821814824","4100.9091796875","5479.77280592957","10.2333333333333","999.636352539063",
"World","001",1998M10,"1303.70458984375","1585.49992534637","13.41","493.204559326172","52.9230257963627","3870.45458984375","5424.49987151794","9.60555555555556","941.363647460938",
"World","001",1998M11,"1295.30004882813","1573.72497511139","13.41","493.024993896484","52.8416695311856","4117.25","5477.99998680725","8.88333333333333","965.950012207031",
"World","001",1998M12,"1250.39477539063","1475.76309447174","13.41","500.605255126953","50.9815759183928","3865.76318359375","5262.36833021851","8.4875","961.578918457031",
"World","001",1999M1,"1219.40002441406","1432.00002842255","11.93","491.625","49.59766359691","4264","5102.99996468201","9.0125","931.75",
"World","001",1999M2,"1186.475","1412.95","11.93","512.95","49.5514389180296","4623.25","5262","9.2","1017.6",
"World","001",1999M3,"1179.86363636364","1378.47727272727","11.93","506.795454545455","49.6851438022816","5002.95454545455","5292.95454545455","10.43571429","1028.79545454545",
"World","001",1999M4,"1277.85","1463.725","11.93","517.075","52.2831282198527","5054.75","5381.75","10.85","1018.175",
"World","001",1999M5,"1323.13157894737","1510.44736842105","11.93","540.710526315789","53.9028893935113","5395.78947368421","5643.15789473684","10.725","1039.92105263158",
"World","001",1999M6,"1315.52272727273","1422.15909090909","11.93","495.454545454545","52.6028014248924","5194.77272727273","5262.72727272727","10.55555556","999.909090909091",
"World","001",1999M7,"1403.36363636364","1639.18181818182","11.93","495.113636363636","56.4528335291215","5696.36363636364","5210.45454545455","10.2625","1071.22727272727",
"World","001",1999M8,"1421.69047619048","1646.7380952381","11.93","502.238095238095","57.6099394876843","6431.42857142857","5224.28571428571","10.11428571","1129.69047619048",
"World","001",1999M9,"1492.06818181818","1749.68181818182","11.93","506.5","60.3888569141712","7029.09090909091","5336.81818181818","9.91666667","1192.93181818182",
"World","001",1999M10,"1473.33333333333","1723.28571428571","11.93","496.404761904762","59.8179278981437","7317.61904761905","5425.2380952381","9.76111111","1147.97619047619",
"World","001",1999M11,"1472.43181818182","1726.77272727273","11.93","477.568181818182","60.2921786803723","7946.81818181818","5835.22727272727","9.7125","1146.38636363636",
"World","001",1999M12,"1554.73529411765","1764.88235294118","11.93","478.735294117647","62.3650434950523","8073.23529411765","5719.11764705882","9.6375","1185.23529411765",
"World","001",2000M1,"1679.85","1843.85","12.45","471.875","65.7209692710653","8315.25","5926.25","9.55","1178.575",
"World","001",2000M2,"1679.425","1807.025","12.45","453.25","65.8642632715184","9583.75","5669","9.39375","1098.25",
"World","001",2000M3,"1579.64","1739.8","12.45","441.84","63.9104084300186","10255.4","5463.8","9.31","1113",
"World","001",2000M4,"1458.745","1681.9075","12.45","423.02","60.8209253057962","9746.5","5398.05","9.14285714","1132.52",
"World","001",2000M5,"1468.0652173913","1785.09782608696","12.45","412.608695652174","61.9800528232548","10122.9130434783","5437.95652173913","8.5","1154.07391304348",
"World","001",2000M6,"1509.37272727273","1752.07272727273","12.45","419.554545454545","61.1407764803427","8384.31818181818","5461.18181818182","8.23125","1116.19090909091",
"World","001",2000M7,"1564.37619047619","1803.14285714286","12.45","453.104761904762","62.5268270162097","8174.80952380952","5329.7619047619","8.1","1135.91428571429",
"World","001",2000M8,"1530.3347826087","1857.12391304348","12.45","472.573913043478","62.3417884790954","8038.4347826087","5314.34782608696","7.95714286","1172.55217391304",
"World","001",2000M9,"1602.30952380952","1961.89285714286","12.45","488.047619047619","65.0977255164798","8624.80952380952","5471.80952380952","7.56666667","1221.67142857143",
"World","001",2000M10,"1501.24545454545","1894.37272727273","12.45","484.786363636364","61.3651579234905","7650.63636363636","5266.45454545455","7.4","1091.61363636364",
"World","001",2000M11,"1475.55454545455","1795.60227272727","12.45","465.877272727273","59.7212928236916","7350.59090909091","5264.81818181818","7.12777778","1058.68181818182",
"World","001",2000M12,"1569.055","1852.4","12.45","463.53","61.895433972661","7318.8","5227.4","7.13571429","1059.33",
"World","001",2001M1,"1619.87727272727","1787.05681818182","12.99","478.536363636364","62.2977233219333","6975.90909090909","5168.5","7.1","1032.7",
"World","001",2001M2,"1607.03","1766.125","12.99","501.71","61.6424546334369","6546.8","5121.25","7.3875","1021.58",
"World","001",2001M3,"1512.17272727273","1742.15909090909","12.99","498.845454545455","59.3482306525554","6165.18181818182","5049.63636363636","7.69444444","1005.62272727273",
"World","001",2001M4,"1499.48333333333","1665.97222222222","12.99","477.588888888889","58.5615073217751","6363.11111111111","4949.77777777778","8.22857143","970.138888888889",
"World","001",2001M5,"1542.39047619048","1684.85","12.99","466.076190476191","59.9908705424892","7086.47619047619","4951.78947368421","9","937.961904761905",
"World","001",2001M6,"1470.83333333333","1610.46904761905","12.99","444.733333333333","57.5110974779543","6674.33333333333","4829.90476190476","8.77777778","896.928571428571",
"World","001",2001M7,"1418.62272727273","1526.77045454545","12.99","462.154545454545","55.1552605712046","5962.54545454546","4343.59090909091","8.75","853.304545454545",
"World","001",2001M8,"1377.84545454545","1466.41136363636","12.99","483.627272727273","53.5267770308519","5525.63636363636","3929.45454545455","8.95","830.031818181818",
"World","001",2001M9,"1345.995","1427.69736842105","12.99","464.805","52.1265014647535","5057.65","3698.36842105263","9.15","799.51",
"World","001",2001M10,"1283.53043478261","1377.37608695652","12.99","468.582608695652","50.3175993142519","4830.78260869565","3749.17391304348","9.46666667","761.739130434782",
"World","001",2001M11,"1334.45454545455","1434.29318181818","12.99","486.713636363636","52.0664343322754","5131.31818181818","4059.31818181818","9.43333333","774.345454545454",
"World","001",2001M12,"1348.72352941176","1472.84705882353","12.99","482.905882352941","52.6737594466944","5315.82352941176","4022.47058823529","9.5","757.970588235294",
"World","001",2002M1,"1371.36363636364","1508.22727272727","12.68","511.086363636364","53.9402489307716","6061.36363636364","3867.95454545455","9.5875","794.195454545454",
"World","001",2002M2,"1371.08","1561.3675","12.68","480.925","54.1459512586067","6039.95","3724.61111111111","9.71875","773.47",
"World","001",2002M3,"1404.985","1607.3925","12.68","480.675","55.740870251624","6543.2","3850.75","9.95","819.995",
"World","001",2002M4,"1370.38571428571","1588.57142857143","12.68","472.090476190476","55.1595970349781","6956.80952380952","4026.47619047619","9.75","807.57619047619",
"World","001",2002M5,"1344.42727272727","1597.02272727273","12.68","450.386363636364","54.4328831959821","6771.18181818182","4152.81818181818","9.9","768.25",
"World","001",2002M6,"1356.93333333333","1650.59444444444","12.68","439.983333333333","55.336713029287","7147.61111111111","4303.33333333333","9.9","769.422222222222",
"World","001",2002M7,"1337.8652173913","1588.2847826087","12.68","446.026086956522","54.6343612336232","7137.69565217391","4313.78260869565","9.89375","795.013043478261",
"World","001",2002M8,"1293.35714285714","1482.91666666667","12.68","424.333333333333","52.3883440123195","6736.85714285714","3832.2380952381","9.85","748.809523809524",
"World","001",2002M9,"1301.7","1478.93333333333","12.68","420.542857142857","52.5108213824087","6664.95238095238","3961.7619047619","9.79761904761905","756.17619047619",
"World","001",2002M10,"1311.46086956522","1486.17173913043","12.68","418.247826086957","52.9132088497096","6818.91304347826","4242.08695652174","9.84130434782609","755.086956521739",
"World","001",2002M11,"1373.26666666667","1581.03571428571","12.68","441.442857142857","55.2214979522273","7314.80952380952","4228.95238095238","9.86428571428571","764.566666666666",
"World","001",2002M12,"1375.8619047619","1592.96428571429","12.68","441.209523809524","55.4108543704588","7206.33333333333","4227.19047619048","9.88181818181818","794.261904761905",
"World","001",2003M1,"1379.29090909091","1650.31136363636","13.82","444.845454545455","57.0204277058391","8032.90909090909","4445.27272727273","10.1565217391304","782.340909090909",
"World","001",2003M2,"1421.555","1682.145","13.82","474.525","58.5546057286081","8607.95","4572.3","10.1","785.665",
"World","001",2003M3,"1386.54761904762","1655.69285714286","13.82","454.733333333333","57.4873753104229","8339.71428571429","4592.66666666667","10.1","790.328571428571",
"World","001",2003M4,"1334.32","1587.8675","13.82","438.025","55.5253397832587","7930.6","4561.25","10.1","756.75",
"World","001",2003M5,"1400.415","1651.1","13.82","462.35","57.8437589227949","8347.75","4734","10.8954545454545","776.115",
"World","001",2003M6,"1410.5380952381","1685.10714285714","13.82","467.671428571429","58.6875809545543","8839.04761904762","4678.04761904762","10.9","790.661904761905",
"World","001",2003M7,"1440.90434782609","1712.82608695652","13.82","513.343478260869","59.7440897300738","8831.78260869565","4733.26086956522","10.9521739130435","828.5",
"World","001",2003M8,"1457.24","1756.725","13.82","493.775","60.7061285821512","9359.9","4802.55","11.2375","815.2",
"World","001",2003M9,"1416.59545454545","1789.67045454545","13.82","520.977272727273","60.7453784539216","9995.81818181818","4907.27272727273","11.4928571428571","818.940909090909",
"World","001",2003M10,"1477.24782608696","1925.58260869565","13.82","587.460869565217","64.319041006792","11040.347826087","5227.4347826087","12.3722222222222","900.104347826087",
"World","001",2003M11,"1511.6","2053.275","13.82","622.67","66.9040718881538","12052.4","5363.35","13.175","914.235",
"World","001",2003M12,"1557.77857142857","2202.03571428571","13.82","690.107142857143","70.9307217466119","14185.2095238095","6058.40714285714","13.35","976.757142857143",
"World","001",2004M1,"1608.89285714286","2421.47619047619","16.39","753.559523809524","75.8935029439414","15089.3333333333","6432.4880952381","14.8","1015.8880952381",
"World","001",2004M2,"1685.225","2751.7175","16.39","885.1525","80.5965028058563","15099.35","6662.7","16.05","1085.7875",
"World","001",2004M3,"1657.35434782609","3000.28260869565","16.39","878.141304347826","81.3882264705328","13786.5434782609","7602.20652173913","17.1388888888889","1101.79565217391",
"World","001",2004M4,"1731.68","2926.975","16.39","747.025","81.3302379488912","12725.9","8909","17.75","1028.9125",
"World","001",2004M5,"1625.27368421053","2728.46315789474","16.39","804.1","77.041366937834","11228.6052631579","9391.63157894737","17.75","1030.97894736842",
"World","001",2004M6,"1682.04090909091","2689.05454545455","16.39","863.727272727273","79.5355726197669","13599.3636363636","9158.63636363636","17.88125","1018.86363636364",
"World","001",2004M7,"1707.86818181818","2816.8","16.39","931.340909090909","81.9314168836392","15020.0681818182","9021.90909090909","17.9","988.104545454545",
"World","001",2004M8,"1692.1","2844.20476190476","16.39","916.619047619048","80.7919994838746","13639.619047619","9021.42857142857","17.9","976.8",
"World","001",2004M9,"1731.02272727273","2903.17272727273","16.39","932.159090909091","81.984168953944","13430.3636363636","9015.68181818182","18.6","980.027272727273",
"World","001",2004M10,"1830.36666666667","3009.40476190476","16.39","932.857142857143","85.9412130271598","14378.4761904762","9043.21428571429","20.08","1066.95238095238",
"World","001",2004M11,"1817.35","3130.30909090909","16.39","966.309090909091","86.6013262898641","14089.5136363636","9038.65","20.2","1100.23181818182",
"World","001",2004M12,"1852.92380952381","3139.78571428571","16.39","972.338095238095","87.4206455263252","13764.9761904762","8473.71428571429","20.5","1182.1380952381",
"World","001",2005M1,"1836.21","3168.1","28.11","954.225","93.1388337803488","14563.75","7705.65","20.5357142857143","1245.55",
"World","001",2005M2,"1882.8","3247.1","28.11","972.975","95.7597250077841","15415.6","8106.325","21.2","1323.105",
"World","001",2005M3,"1987.51904761905","3378.90476190476","28.11","1001.69047619048","99.7504449474684","16239.9047619048","8442.23809523809","21.8444444444444","1373.95714285714",
"World","001",2005M4,"1892.00952380952","3389.80952380952","28.11","980.480952380952","97.7135407153087","16138.3333333333","8133.80952380952","23.1444444444444","1297.80952380952",
"World","001",2005M5,"1741.45","3241.9","28.11","985.29","94.9875272203435","17002.25","8099.25","28.25","1245.535",
"World","001",2005M6,"1731.94318181818","3529.72727272727","28.11","982.65","96.4140921246732","16113.1818181818","7604.36363636364","29","1273.11818181818",
"World","001",2005M7,"1783.2619047619","3608.47619047619","28.11","857.523809523809","96.2807782175354","14587.5952380952","7180.92857142857","29.2777777777778","1196.85714285714",
"World","001",2005M8,"1871.27272727273","3791.90909090909","28.11","887.420454545455","100.136624665651","14962","7228.13636363636","29.65","1300.75",
"World","001",2005M9,"1837.69318181818","3850.65909090909","28.11","932.772727272727","99.8996266284238","14154.5454545455","6770.58181818182","30.43125","1396.66363636364",
"World","001",2005M10,"1934.14285714286","4056.16666666667","28.11","999.404761904762","102.8705002737","12431.119047619","6415.47619047619","32.75","1483.21904761905",
"World","001",2005M11,"2056.97045454545","4278.15909090909","28.11","1017.84090909091","107.366501398571","12235.0454545455","6173.71818181818","33.5555555555556","1610.65",
"World","001",2005M12,"2250.9","4577.025","28.11","1120.15","115.681805020192","13490.45","6762.5","35.53125","1819.355",
"World","001",2006M1,"2383.30238095238","4743.8619047619","33.45","1258.14285714286","124.330808949273","14660.8095238095","7067.3619047619","36.75","2091.76666666667",
"World","001",2006M2,"2453.375","4974.975","33.45","1267.4375","128.440038556541","14974.5","7788.865","37.6875","2219.745",
"World","001",2006M3,"2432.47826086957","5123.67391304348","33.45","1193.89130434783","130.193486005171","14925.4782608696","7949.02173913044","39.77","2427.65652173913",
"World","001",2006M4,"2623.85833333333","6404.44444444444","33.45","1170.55555555556","148.398294406592","18028.8888888889","8859.65555555556","41.1","3068.33888888889",
"World","001",2006M5,"2852.07142857143","8059.19047619048","33.45","1167.5","169.141955796001","21131.3333333333","8793.16666666667","42.2777777777778","3544.64285714286",
"World","001",2006M6,"2490.95454545455","7222.77272727273","33.45","963.613636363637","153.98062101512","20585.9090909091","7858.77272727273","44.1666666666667","3197.59090909091",
"World","001",2006M7,"2511.83333333333","7726.7380952381","33.45","1053.2619047619","163.130350638717","26185.7142857143","8356.44047619048","46.5","3320.73809523809",
"World","001",2006M8,"2461.55227272727","7690.25","33.45","1179.31818181818","165.394926654654","30468.8636363636","8436.68181818182","47.4444444444445","3339.96590909091",
"World","001",2006M9,"2484.38095238095","7622.64285714286","33.45","1346.52857142857","166.344766096097","29702.619047619","8975.02380952381","52.4444444444444","3394.05952380952",
"World","001",2006M10,"2657.14772727273","7497.40909090909","33.45","1525.65909090909","173.730546379172","32551.1363636364","9809.5","56.0625","3829.60227272727",
"World","001",2006M11,"2702.13636363636","7029.29545454546","33.45","1626.02272727273","174.22843048399","31891.5909090909","10038.4090909091","61.4444444444444","4378.61363636364",
"World","001",2006M12,"2823.67105263158","6680.97368421053","33.45","1709.15789473684","177.03984891504","34400.5263157895","11125.9473684211","66.5714285714286","4381.44736842105",
"World","001",2007M1,"2799.05909090909","5689.34090909091","36.63","1664.34090909091","170.777464540801","36821.5909090909","11331.4545454545","72","3784.86363636364",
"World","001",2007M2,"2839.05","5718.15","36.63","1775.075","174.006548081088","41078.25","12890.2","76.25","3321.375",
"World","001",2007M3,"2757.07954545455","6465.29545454545","36.63","1908.97727272727","183.763429108158","46125.2272727273","13787.25","89.4444444444445","3256.18181818182",
"World","001",2007M4,"2817.05263157895","7753.34210526316","36.63","1984.15789473684","201.950300402874","49956.5789473684","13952.8421052632","110.428571428571","3566.85526315789",
"World","001",2007M5,"2804.60476190476","7677.95238095238","36.63","2106","205.377934749891","51783.3333333333","14162.1428571429","119.111111111111","3847.52380952381",
"World","001",2007M6,"2681.30952380952","7514.2380952381","36.63","2436.64285714286","197.355447236955","41551.6666666667","14078.8333333333","136.222222222222","3628.65476190476",
"World","001",2007M7,"2738.09090909091","7980.93181818182","36.63","3072.43181818182","196.534035198473","33400.2272727273","14732.7272727273","131.5","3546.29545454545",
"World","001",2007M8,"2512.60227272727","7500.20454545455","36.63","3115.19318181818","179.942279140524","27649.6363636364","15046.9772727273","109.6","3244.17045454545",
"World","001",2007M9,"2394.9625","7671.35","36.63","3228.025","174.843563649836","29548.4","14989.05","85","2887.6",
"World","001",2007M10,"2444.53260869565","8020.58695652174","36.63","3722.60869565217","179.859183834139","31156","16068.347826087","77.5","2979.98913043478",
"World","001",2007M11,"2507.15227272727","6957.43181818182","36.63","3319.90909090909","172.772351861966","30505.6363636364","16660.7727272727","92","2554.60227272727",
"World","001",2007M12,"2382.83333333333","6630.73611111111","36.63","2616.08333333333","162.564431936458","26053.5555555556","16244.7222222222","91.8","2378.59722222222",
"World","001",2008M1,"2456.125","7078.90909090909","60.8","2621.78409090909","178.401264381313","27774.7727272727","16310.9318181818","87.5555555555555","2364.40909090909",
"World","001",2008M2,"2784.89285714286","7941.14285714286","60.8","3089.60714285714","190.828357799667","28064.9523809524","17269.8095238095","76","2458.47619047619",
"World","001",2008M3,"3012.05263157895","8434.31578947368","60.8","3012.93421052632","201.066818408567","31093.0526315789","19799.0789473684","73.7142857142857","2511.18421052632",
"World","001",2008M4,"2968.03409090909","8714.18181818182","60.8","2834.875","198.95230093476","28776.8181818182","21646.0227272727","69.4444444444444","2278.51136363636",
"World","001",2008M5,"2908.2775","8356.125","60.8","2216.0875","190.456582152488","25656.5","23853.6","61.6666666666667","2178.325",
"World","001",2008M6,"2967.86904761905","8292","60.8","1860.5119047619","186.272526123322","22562.5714285714","22133.4285714286","59","1906.17380952381",
"World","001",2008M7,"3067.45652173913","8407.02173913043","60.8","1960.04347826087","187.96255227177","20106.9565217391","22955.6304347826","61.84375","1856.44565217391",
"World","001",2008M8,"2762.56","7633.8","60.8","1902.85","174.990331271719","19111.8","19935","64.5","1734.65",
"World","001",2008M9,"2524.14772727273","6975.11363636364","60.8","1872.30681818182","164.101634545975","17781.8636363636","18306.5909090909","63","1744.52272727273",
"World","001",2008M10,"2122.02826086956","4894.89130434783","60.8","1494.26086956522","131.480139344084","12144.8695652174","14423.347826087","48.6","1303.00434782609",
"World","001",2008M11,"1857.13","3729.1875","60.8","1286.425","116.138890015906","10776.5","13674.15","50.5","1169.3625",
"World","001",2008M12,"1504.41666666667","3105.09523809524","69.9826086956522","968.166666666667","107.505603835611","9846.92857142857","11292.1428571429","54.3333333333333","1112.90476190476",
"World","001",2009M1,"1420.35952380952","3260.35714285714","72.5090909090909","1144.90476190476","109.662595259862","11562.9523809524","11563.3333333333","51.4444444444444","1202.52380952381",
"World","001",2009M2,"1338.0625","3328.4125","75.59","1099.625","107.847757051543","10410.75","11074.775","47","1118.0025",
"World","001",2009M3,"1338.07954545455","3770.875","64.0727272727273","1246.52272727273","105.537598100625","9710.72727272727","10689.4090909091","43.375","1223.21818181818",
"World","001",2009M4,"1431.8125","4436.925","59.7818181818182","1393.9125","112.364967583266","11331.6","11830.2","41.71875","1388.1375",
"World","001",2009M5,"1464.41666666667","4594.90277777778","62.6904761904762","1449.66666666667","118.548260822242","12763.3611111111","13871.8333333333","48.5555555555555","1491.89444444444",
"World","001",2009M6,"1586.33571428571","5013.29761904762","71.6590909090909","1668.19047619048","130.893363526238","14961.9523809524","15009.0714285714","51.5","1555.46428571429",
"World","001",2009M7,"1674.33181818182","5240.82954545455","83.9521739130435","1674.51136363636","140.02479616256","16024.5","13903.5909090909","49.7","1582.85227272727",
"World","001",2009M8,"1927.6375","6176.875","97.6666666666667","1893.0375","161.311322534838","19375.925","14761.65","47.1875","1818.0125",
"World","001",2009M9,"1835.59772727273","6195.75","80.7136363636364","2205.47727272727","151.267211994008","17404.6363636364","14936.2272727273","44.2777777777778","1879.14772727273",
"World","001",2009M10,"1875.66363636364","6305.98863636364","86.7863636363636","2227.69318181818","157.472387955604","18489.4772727273","15037.4090909091","46.1111111111111","2070.84454545455",
"World","001",2009M11,"1956.54761904762","6682.44047619048","99.2571428571429","2303.44047619048","166.651293919402","16911.3333333333","14966.1428571429","44.75","2196.54761904762",
"World","001",2009M12,"2181.25714285714","6976.97619047619","105.247826086957","2326.26285714286","176.782077215294","17121.6190476191","15588.6904761905","44.4375","2374.0380952381",
"World","001",2010M1,"2230.15","7367.395","125.914285714286","2352.175","191.183960749978","18405.55","17710.2","43.825","2414.69",
"World","001",2010M2,"2053.29","6867.69","127.615","2125.8","183.233772753085","19060.55","16352.3","42.1","2158.82",
"World","001",2010M3,"2210.54782608696","7466.96086956522","139.769565217391","2162.70869565217","198.980091827993","22467.1739130435","17509.1304347826","40.9111111111111","2277.29130434783",
"World","001",2010M4,"2314.305","7729.855","172.468181818182","2272.175","220.779933514144","26028.5","18634.6","41.325","2367.53",
"World","001",2010M5,"2044.73157894737","6843.18421052632","161.347619047619","1876.81578947368","198.638417369001","21930","17565.0263157895","41.3","1969.81578947368",
"World","001",2010M6,"1929.40909090909","6501.5","143.631818181818","1707.28409090909","182.876415419247","19411.2954545455","17257.7272727273","40.7777777777778","1746.51136363636",
"World","001",2010M7,"1989.04545454545","6750.56818181818","126.363636363636","1843.96590909091","179.369209053134","19548.5227272727","18206.5227272727","41.9444444444444","1847.02727272727",
"World","001",2010M8,"2110.44047619048","7302.66666666667","145.340909090909","2082.79761904762","198.020446566149","21448.7857142857","20733.0714285714","46.0625","2047.47619047619",
"World","001",2010M9,"2171.24318181818","7729.59090909091","140.627272727273","2192.85227272727","202.237183322316","22690.1363636364","22694.3636363636","46.6666666666667","2150.94318181818",
"World","001",2010M10,"2342.17857142857","8289.7619047619","148.480952380952","2383.54761904762","216.283061387386","23793.6785714286","26237.0952380952","48.8333333333333","2373.5619047619",
"World","001",2010M11,"2324.04545454545","8458.42045454545","160.55","2364.97727272727","222.652156424696","22836.2272727273","25403.0909090909","57.1625","2283.29545454545",
"World","001",2010M12,"2356.66904761905","9152.85714285714","168.526086956522","2413.20238095238","233.582525320098","24099.5714285714","26103.8571428571","60.625","2287.32142857143",
"World","001",2011M1,"2439.7","9533.2","179.63","2583.975","245.480797702354","25621.225","27439.35","63.875","2375.8125",
"World","001",2011M2,"2515.26","9880.9375","187.18","2595.575","256.236049098772","28412.175","31619.65","65","2473.45",
"World","001",2011M3,"2555.5","9503.35869565217","169.35652173913","2624.02173913044","244.209635827157","26710.347826087","30590.9347826087","63.5","2341.47826086957",
"World","001",2011M4,"2667.41666666667","9482.75","179.261111111111","2719.34722222222","250.084123318726","26332.1666666667","32347.6944444444","57.8214285714286","2371.47777777778",
"World","001",2011M5,"2587.2125","8931.675","177.095","2419.6375","239.463723045373","24164.55","28571.4","56.0625","2159.6",
"World","001",2011M6,"2557.76136363636","9066.85227272727","170.877272727273","2524.98863636364","235.710556842909","22420.9318181818","25519.6818181818","55.4","2234.46590909091",
"World","001",2011M7,"2525.42857142857","9650.46428571429","172.97619047619","2681.02380952381","242.229260281278","23847.9523809524","27398.0952380952","52.7888888888889","2397.75476190476",
"World","001",2011M8,"2380.975","8997.98863636364","177.45","2393.05681818182","232.829738048472","21864.6818181818","24056.7272727273","50.6833333333333","2199.23863636364",
"World","001",2011M9,"2293.46136363636","8300.13636363636","177.227272727273","2287.67045454545","224.102505816299","20377.5909090909","22526.6022727273","51.9833333333333","2075.22045454545",
"World","001",2011M10,"2180.64761904762","7394.19047619048","150.433333333333","1960.38095238095","200.899041579035","19039.0476190476","21868.6428571429","52.3375","1871.41666666667",
"World","001",2011M11,"2079.98181818182","7581.02272727273","135.540909090909","1994.21590909091","193.275110602996","17873","21291.7045454545","53.1944444444444","1935.31818181818",
"World","001",2011M12,"2024.375","7558.875","136.455","2024.5625","192.109152264517","18246.0375","19386.9125","52.1785714285714","1911.15",
"World","001",2012M1,"2151.33333333333","8061.91666666667","140.347619047619","2100.21428571429","202.040538241788","19908.619047619","21547.7023809524","52.3125","1989.22619047619",
"World","001",2012M2,"2207.91666666667","8441.4880952381","140.395238095238","2121.2619047619","207.102537348657","20393.6666666667","24293.3095238095","52.0555555555556","2057.78571428571",
"World","001",2012M3,"2184.15909090909","8470.78409090909","144.663636363636","2056.69318181818","206.923334736302","18660.8068181818","22985.4318181818","51.2888888888889","2035.925",
"World","001",2012M4,"2048.50526315789","8285.52631578947","147.647368421053","2073.64473684211","203.485453352665","17892.8157894737","22114.5263157895","51.3","2002.68421052632",
"World","001",2012M5,"2002.52272727273","7896.90909090909","136.272727272727","1999.25","193.337002609749","16968.3181818182","20295.3409090909","51.8888888888889","1928.01136363636",
"World","001",2012M6,"1885.51315789474","7428.28947368421","134.621052631579","1850.95789473684","185.689829933893","16603.6842105263","19255.3947368421","50.8333333333333","1855.93421052632",
"World","001",2012M7,"1876.25","7584.26136363636","127.936363636364","1881.47727272727","183.151737935442","16128.4090909091","18546.0909090909","50.3555555555556","1847.75",
"World","001",2012M8,"1843.32727272727","7510.43181818182","107.795454545455","1897.77272727273","172.493429339685","15703.9886363636","18675.5568181818","49.25","1816.31818181818",
"World","001",2012M9,"2064.12","8087.7425","99.47","2177.675","179.919339468297","17287.9625","20771.2625","47.725","2009.85",
"World","001",2012M10,"1974.30434782609","8062.03260869565","113.947826086957","2141.96739130435","183.403722516244","17168.7391304348","21233.6956521739","44.6111111111111","1903.95869565217",
"World","001",2012M11,"1948.82954545455","7711.22727272727","120.345454545455","2181.96590909091","182.12151841937","16335.3636363636","20713.0681818182","41.5","1912.39772727273",
"World","001",2012M12,"2086.76315789474","7966.48684210526","128.873684210526","2279.80263157895","192.74123445816","17448.5","22880.8947368421","43.6666666666667","2040.42894736842",
"World","001",2013M1,"2037.60681818182","8053.73863636364","150.490909090909","2334.46590909091","202.340861272633","17494.0681818182","24598.8977272727","42.75","2031.40909090909",
"World","001",2013M2,"2053.595","8060.925","154.638888888889","2365.7875","205.185726249632","17690.1","24211.7375","43.40625","2128.6875",
"World","001",2013M3,"1911.2825","7652.375","139.87","2173.35","190.636283596618","16731.7","23302","42.28125","1929.15",
"World","001",2013M4,"1861.02380952381","7221.1619047619","137.390909090909","2024.36904761905","183.5457173135","15629.3095238095","21589.6428571429","41.4125","1855.6",
"World","001",2013M5,"1832.57142857143","7248.71428571429","124.009523809524","2031.89285714286","176.39758892782","14948.2261904762","20781.619047619","40.605","1831.0119047619",
"World","001",2013M6,"1814.5375","7000.2375","114.815","2099.6875","169.662797631244","14280.275","20267.4","39.9375","1839.0125",
"World","001",2013M7,"1769.60869565217","6906.64130434783","127.191304347826","2047.72826086957","172.664608151962","13750.3152173913","19563.8260869565","38.0222222222222","1837.61956521739",
"World","001",2013M8,"1816.23571428571","7186.25","137.055","2173.08333333333","180.794650439789","14308.2619047619","21638.2142857143","34.9941626409018","1896.39285714286",
"World","001",2013M9,"1761.30476190476","7159.26904761905","134.185714285714","2084.91904761905","177.660023721573","13801.3928571429","22735.0714285714","34.4532867494824","1846.88095238095",
"World","001",2013M10,"1814.58260869565","7203.02173913044","132.572727272727","2115.42826086957","178.870716177001","14117.652173913","23101.5869565217","34.8484955891619","1884.83695652174",
"World","001",2013M11,"1747.96428571429","7070.65476190476","136.32380952381","2089.55952380952","177.93076742149","13684.0119047619","22826.880952381","35.59200310559","1866.41666666667",
"World","001",2013M12,"1739.81","7214.9","135.790476190476","2136.7275","179.13297456325","13924.55","22762.125","34.5932971014493","1974.975",
"World","001",2014M1,"1727.41136363636","7291.46590909091","128.119047619048","2143.17045454545","176.404705952858","14101.25","22063.8636363636","35.2149889729048","2036.93181818182",
"World","001",2014M2,"1695.165","7149.2125","121.37","2108.025","171.956074256366","14203.55","22820.675","35.5467391304348","2034.525",
"World","001",2014M3,"1705.36666666667","6650.03571428571","111.833333333333","2053.08333333333","164.985672791525","15678.0952380952","23024.3095238095","34.7028554175293","2007.90476190476",
"World","001",2014M4,"1810.675","6673.5625","114.580952380952","2087.0875","169.475624790374","17373.6","23405.2","32.7445652173913","2027.2125",
"World","001",2014M5,"1751.05","6891.125","100.56","2097.325","164.519916512457","19401.075","23271.25","28.5398550724638","2058.975",
"World","001",2014M6,"1838.95238095238","6821.14285714286","92.8523809523809","2106.94047619048","161.895750781882","18628.8095238095","22762","28.2254572118702","2128.09523809524",
"World","001",2014M7,"1948.30434782609","7113.38043478261","96.2608695652174","2193.23913043478","168.88419306408","19117.652173913","22424.0108695652","28.4002047889099","2310.61956521739",
"World","001",2014M8,"2030.4925","7001.8375","94.1428571428571","2236.8375","168.879509112405","18600.2","22231.05","30.8293219461698","2326.9875",
"World","001",2014M9,"1990.43181818182","6872.21590909091","84.5227272727273","2117.23863636364","162.471981866377","18034.7954545455","21090.5227272727","34.3718297101449","2294.59090909091",
"World","001",2014M10,"1946.18913043478","6737.47826086957","81.304347826087","2034.26086956522","157.393519479875","15812.3695652174","19830.4130434783","35.7517328292375","2276.82608695652",
"World","001",2014M11,"2055.555","6712.85","74.425","2030.1825","156.998128956005","15807.05","20033.475","40.5973731884058","2253.225",
"World","001",2014M12,"1909.45952380952","6446.45238095238","68.6739130434783","1938.10714285714","148.639256657249","15962.0476190476","19829.7142857143","36.9482514177693","2175.7619047619",
"World","001",2015M1,"1814.71904761905","5830.53571428571","69.0681818181818","1843.13095238095","141.069646433512","14849.1904761905","19454.119047619","36.1308876811594","2113.04761904762",
"World","001",2015M2,"1817.82","5729.275","63.8","1795.6625","137.783088475243","14573.8375","18233.9125","38.1507699275362","2097.7625",
"World","001",2015M3,"1773.86363636364","5939.67045454546","58.1818181818182","1792.47045454545","135.150824133482","13755.5","17421.9090909091","39.4139492753623","2028.72727272727",
"World","001",2015M4,"1819.1875","6042.0875","52.1136363636364","2005.3625","134.222138000379","12830.925","15900.875","38.661231884058","2212.725",
"World","001",2015M5,"1804.03947368421","6294.77631578947","60.4285714285714","1991.77631578947","139.65953576074","13511.3421052632","15803.5921052632","35.5891563146998","2281.80263157895",
"World","001",2015M6,"1687.72727272727","5833.01136363636","61.8409090909091","1829.5","132.972003388567","12825.2272727273","15064.9431818182","36.1372282608696","2082.09090909091",
"World","001",2015M7,"1639.5","5456.75","52.1739130434783","1763.04347826087","123.543486494011","11413.097826087","15071.5326086957","36.044147763075","2000.6847826087",
"World","001",2015M8,"1548.125","5127.3","57.3333333333333","1703.6","120.064966460764","10386","15163.775","36.1333678398896","1807.6375",
"World","001",2015M9,"1589.60227272727","5217.25","56.9772727272727","1684.25","120.820194503378","9937.54545454545","15453.3409090909","36.8971920289855","1720.22727272727",
"World","001",2015M10,"1516.48863636364","5216.09090909091","53.6590909090909","1720.11363636364","118.374722694217","10316.8295454545","15794.6136363636","36.9551630434783","1724.34090909091",
"World","001",2015M11,"1467.89285714286","4799.90476190476","47.1904761904762","1618.34523809524","109.60138004566","9244.33333333333","14745.2857142857","35.9345669427191","1583.30952380952",
"World","001",2015M12,"1497.20238095238","4638.83333333333","40.8826086956522","1706.58333333333","105.622836794476","8707.78571428571","14691.6904761905","35.0997558286074","1527.78571428571",
"World","001",2016M1,"1481.1","4471.7875","42.2047619047619","1646.2","104.12526010744","8507.2875","13808.075","34.6226708074534","1520.3625",
"World","001",2016M2,"1531.2619047619","4598.61904761905","46.4857142857143","1765.75","109.028797898172","8298.5","15610.1428571429","33.6191770186335","1709.84523809524",
"World","001",2016M3,"1531.0119047619","4953.79761904762","56.5391304347826","1802.19047619048","116.420333964822","8717.25","16897.5952380952","29.6097195967234","1801.69047619048",
"World","001",2016M4,"1571.22619047619","4872.7380952381","60.9666666666667","1732.27380952381","118.447958909737","8878.85714285714","17032.7142857143","27.5858781918565","1855.37380952381",
"World","001",2016M5,"1550.625","4694.5375","55.8863636363636","1707.8","114.324710593192","8660.35","16706.95","27.7907608695652","1869.025",
"World","001",2016M6,"1593.50681818182","4641.96590909091","52.3409090909091","1712.77272727273","114.001930032709","8928.35227272727","16966.6931818182","27.1530797101449","2026.19318181818",
"World","001",2016M7,"1629.04761904762","4864.90476190476","57.3095238095238","1834.78571428571","120.335074849604","10262.8571428571","17826.2261904762","25.9404330572809","2183.25",
"World","001",2016M8,"1639.28409090909","4751.67045454546","60.8695652173913","1835.52272727273","121.860427622684","10335.9886363636","18427.0227272727","25.8650756143667","2279.13636363636",
"World","001",2016M9,"1592.36363636364","4722.20454545455","57.6590909090909","1947.64318181818","119.538274229593","10191.7840909091","19499.5227272727","24.6634963768116","2292.30681818182",
"World","001",2016M10,"1665.90476190476","4731.2619047619","58.9523809523809","2024.4880952381","121.422530778532","10259.7380952381","20099.7619047619","21.1853433402347","2311.5",
"World","001",2016M11,"1737.11363636364","5450.93181818182","74.1363636363636","2180.57954545455","136.534751233477","11128.9090909091","21126.0909090909","18.5009057971015","2566.20454545455",
"World","001",2016M12,"1727.7375","5660.35","79.4318181818182","2209.8375","140.723342279454","10972.275","21204.35","19.1462862318841","2664.8125",
"World","001",2017M1,"1791.2380952381","5754.55952380952","80.8181818181818","2242.61904761905","143.214942344205","9971.46428571429","20691.7857142857","22.0901268115942","2714.79761904762",
"World","001",2017M2,"1860.75","5940.9125","88.8","2311.5","150.849718334618","10643.3","19446.475","25.0588768115942","2845.55",
"World","001",2017M3,"1901.46739130435","5824.63043478261","87.195652173913","2280.92391304348","149.416945276218","10204.6630434783","19875.1956521739","24.5520242596093","2776.88043478261",
"World","001",2017M4,"1921.22222222222","5683.90277777778","70.4","2220.61111111111","139.864904217901","9609.27777777778","19910.3194444444","23.1657608695652","2614.91666666667",
"World","001",2017M5,"1913.02380952381","5599.55952380952","61.6304347826087","2125.10714285714","134.371459226126","9155.11904761905","20200.3333333333","21.5628938248267","2590.21428571429",
"World","001",2017M6,"1885.28636363636","5719.76136363636","57.8636363636364","2132.93181818182","132.403580899908","8931.76136363636","19658.8409090909","19.6784420289855","2573.39772727273",
